NOME;EMAIL;SENHA
Usuario01;Usuario01@mail.com;123456
Usuario02;Usuario02@mail.com;123457
Usuario03;Usuario03@mail.com;123458
Usuario04;Usuario04@mail.com;123459
Usuario05;Usuario05@mail.com;123460
Usuario06;Usuario06@mail.com;123461
Usuario07;Usuario07@mail.com;123462
Usuario08;Usuario08@mail.com;123463
Usuario09;Usuario09@mail.com;123464
Usuario10;Usuario10@mail.com;123465
Usuario11;Usuario11@mail.com;123466
Usuario12;Usuario12@mail.com;123467
Usuario13;Usuario13@mail.com;123468
Usuario14;Usuario14@mail.com;123469
Usuario15;Usuario15@mail.com;123470
Usuario16;Usuario16@mail.com;123471
Usuario17;Usuario17@mail.com;123472
Usuario18;Usuario18@mail.com;123473
Usuario19;Usuario19@mail.com;123474
Usuario20;Usuario20@mail.com;123475
Usuario21;Usuario21@mail.com;123476
Usuario22;Usuario22@mail.com;123477
Usuario23;Usuario23@mail.com;123478
Usuario24;Usuario24@mail.com;123479
Usuario25;Usuario25@mail.com;123480
Usuario26;Usuario26@mail.com;123481